model_id,algorithm,experiment,split,threshold,roc_auc,pr_auc,precision,recall,f1,brier
CVD-10Y,lr,baseline,val,0.14075813791067138,0.714783,0.33091,0.262172,0.721649,0.384615,0.118424
CVD-10Y,rf,baseline,val,0.21333333333333335,0.670686,0.280376,0.284153,0.536082,0.371429,0.124623
CVD-10Y,xgb,baseline,val,0.1281578242778778,0.647974,0.251759,0.227468,0.546392,0.321212,0.131817
CVD-10Y,lr,class_weight,val,0.5118374236687435,0.713655,0.322099,0.270386,0.649485,0.381818,0.210588
CVD-10Y,rf,class_weight,val,0.2733333333333333,0.660874,0.268277,0.231076,0.597938,0.333333,0.144125
CVD-10Y,xgb,class_weight,val,0.46072399616241455,0.609663,0.25427,0.26,0.402062,0.315789,0.17746
CVD-10Y,lr,smote,val,0.5118462906172748,0.71222,0.323422,0.26383,0.639175,0.373494,0.211356
CVD-10Y,rf,smote,val,0.17,0.668248,0.270022,0.203431,0.85567,0.328713,0.148277
CVD-10Y,xgb,smote,val,0.35803014039993286,0.668363,0.259924,0.308219,0.463918,0.37037,0.144007
